iter	Logloss
0	0.6175738684
1	0.5728926565
2	0.5314569969
3	0.4941929727
4	0.4681708874
5	0.4483952821
6	0.4296307311
7	0.4160210921
8	0.4020886063
9	0.3868911156
10	0.3759967131
11	0.3627837722
12	0.3535930997
13	0.3424277815
14	0.3349295265
15	0.3312469979
16	0.3243567187
17	0.3180898999
